{
  "spec/jobs/email_job_spec.rb": 6.220959424972534,
  "spec/routing/sponsors_spec.rb": 3.3150527477264404,
  "spec/helpers/admin_helper_spec.rb": 0.4097883701324463,
  "spec/jobs/email_threshold_reminder_job_spec.rb": 1.698612928390503,
  "spec/models/archived/petition/email_spec.rb": 0.24210095405578613,
  "spec/requests/archived_petition_show_spec.rb": 1.0580534934997559,
  "spec/models/task_spec.rb": 0.21830248832702637,
  "spec/jobs/archive_petitions_job_spec.rb": 0.2598893642425537,
  "spec/requests/login_timeout_spec.rb": 0.6650664806365967,
  "spec/controllers/archived/petitions_controller_spec.rb": 0.2526216506958008,
  "spec/validators/postcode_validator_spec.rb": 0.24361205101013184,
  "spec/lib/health_check_spec.rb": 0.8417336940765381,
  "spec/jobs/refresh_constituency_party_job_spec.rb": 0.16876554489135742,
  "spec/models/feedback_spec.rb": 0.11445307731628418,
  "spec/lib/email_reminder_spec.rb": 1.60207200050354,
  "spec/jobs/archived/deliver_threshold_response_email_job_spec.rb": 1.994976282119751,
  "spec/controllers/admin/moderation_delays_controller_spec.rb": 10.131042003631592,
  "spec/controllers/saml_controller_spec.rb": 0.042893171310424805,
  "spec/controllers/admin/debate_outcomes_controller_spec.rb": 15.434548616409302,
  "spec/lib/postcode_sanitizer_spec.rb": 0.038691043853759766,
  "spec/jobs/email_threshold_response_job_spec.rb": 0.39804768562316895,
  "spec/jobs/deliver_petition_email_job_spec.rb": 3.4376182556152344,
  "spec/controllers/admin/rate_limits_controller_spec.rb": 3.2406647205352783,
  "spec/helpers/cache_helper_spec.rb": 0.37342047691345215,
  "spec/routing/archived/petitions_spec.rb": 1.3363933563232422,
  "spec/jobs/reset_petition_signature_count_job_spec.rb": 0.2413187026977539,
  "spec/helpers/auto_link_helper_spec.rb": 0.28148722648620605,
  "spec/models/tag_spec.rb": 0.2528860569000244,
  "spec/routing/admin/petitions/take_down_spec.rb": 0.753305196762085,
  "spec/controllers/feedback_controller_spec.rb": 0.15452289581298828,
  "spec/routing/admin/petitions/debate_outcomes_spec.rb": 0.7022833824157715,
  "spec/models/petition/statistics_spec.rb": 0.4424617290496826,
  "spec/controllers/admin/archived/petitions_controller_spec.rb": 2.816627025604248,
  "spec/jobs/notify_creators_that_parliament_is_dissolving_job_spec.rb": 0.046768903732299805,
  "spec/controllers/archived/signatures_controller_spec.rb": 0.0596470832824707,
  "spec/mailers/feedback_mailer_spec.rb": 0.05297255516052246,
  "spec/models/petition/email_spec.rb": 0.09027576446533203,
  "spec/helpers/page_title_helper_spec.rb": 0.06449699401855469,
  "spec/mailers/petition_mailer_spec.rb": 14.647623538970947,
  "spec/controllers/admin/admin_controller_spec.rb": 3.3855037689208984,
  "spec/helpers/home_helper_spec.rb": 1.039689540863037,
  "spec/jobs/trending_domains_by_petition_job_spec.rb": 0.567828893661499,
  "spec/models/archived/debate_outcome_spec.rb": 3.65010929107666,
  "spec/routing/petitions_spec.rb": 1.2547097206115723,
  "spec/controllers/trackers_controller_spec.rb": 0.9167840480804443,
  "spec/jobs/archive_petition_job_spec.rb": 4.933803558349609,
  "spec/routing/admin/petitions/government_response_spec.rb": 1.179980754852295,
  "spec/helpers/archived_petition_helper_spec.rb": 0.3921544551849365,
  "spec/jobs/archived/deliver_petition_email_job_spec.rb": 2.319685459136963,
  "spec/controllers/admin/schedule_debate_controller_spec.rb": 14.38301134109497,
  "spec/controllers/admin/take_down_controller_spec.rb": 13.334492206573486,
  "spec/controllers/ping_controller_spec.rb": 0.038117408752441406,
  "spec/routing/signatures_spec.rb": 5.102571725845337,
  "spec/jobs/email_debate_outcomes_job_spec.rb": 1.079296588897705,
  "spec/models/trending_domain_spec.rb": 0.4033830165863037,
  "spec/jobs/debated_petitions_job_spec.rb": 0.7403521537780762,
  "spec/jobs/archived/email_petitioners_job_spec.rb": 0.8371613025665283,
  "spec/controllers/admin/petition_details_controller_spec.rb": 7.076762914657593,
  "spec/controllers/constituencies_controller_spec.rb": 0.09091401100158691,
  "spec/helpers/petition_helper_spec.rb": 0.3135526180267334,
  "spec/helpers/application_helper_spec.rb": 0.11758255958557129,
  "spec/routing/pages_spec.rb": 0.0739126205444336,
  "spec/helpers/sharing_helper_spec.rb": 0.027562856674194336,
  "spec/lib/atomic_dalli_store_spec.rb": 0.1631612777709961,
  "spec/routing/admin/petitions_spec.rb": 0.9850344657897949,
  "spec/routing/domain_constraints_spec.rb": 0.5189621448516846,
  "spec/helpers/admin_hub_helper_spec.rb": 1.1226770877838135,
  "spec/jobs/notify_everyone_of_moderation_decision_job_spec.rb": 0.5990164279937744,
  "spec/jobs/update_signature_counts_job_spec.rb": 2.7720963954925537,
  "spec/tasks/assets_spec.rb": 0.00661015510559082,
  "spec/models/note_spec.rb": 0.08220171928405762,
  "spec/controllers/admin/archived/petition_tags_controller_spec.rb": 1.9245045185089111,
  "spec/controllers/admin/signatures_controller_spec.rb": 14.526228427886963,
  "spec/jobs/notify_creators_that_moderation_is_delayed_job_spec.rb": 0.11559820175170898,
  "spec/requests/cache_control_header_spec.rb": 0.2854623794555664,
  "spec/models/site_spec.rb": 2.4989542961120605,
  "spec/jobs/deliver_debate_scheduled_email_job_spec.rb": 2.981950044631958,
  "spec/models/admin_user_session_spec.rb": 0.8892488479614258,
  "spec/controllers/admin/archived/government_response_controller_spec.rb": 11.078937768936157,
  "spec/controllers/admin/archived/petition_details_controller_spec.rb": 2.3707711696624756,
  "spec/models/admin_user_spec.rb": 17.261003017425537,
  "spec/models/signature_logs_spec.rb": 0.07256650924682617,
  "spec/controllers/signatures_controller_spec.rb": 10.742316722869873,
  "spec/controllers/admin/profile_controller_spec.rb": 6.093861103057861,
  "spec/models/constituency_petition_journal_spec.rb": 1.4043779373168945,
  "spec/controllers/admin/notes_controller_spec.rb": 6.583711624145508,
  "spec/jobs/update_petition_statistics_job_spec.rb": 0.08871650695800781,
  "spec/models/constituency/api_query_spec.rb": 0.11738252639770508,
  "spec/models/debate_outcome_spec.rb": 2.047258138656616,
  "spec/presenters/petition_csv_presenter_spec.rb": 0.3667025566101074,
  "spec/controllers/admin/archived/debate_outcomes_controller_spec.rb": 10.74060869216919,
  "spec/helpers/signature_helper_spec.rb": 0.0917654037475586,
  "spec/routing/trackers_spec.rb": 1.485344648361206,
  "spec/controllers/admin/petition_statistics_controller_spec.rb": 0.7873351573944092,
  "spec/models/parliament_spec.rb": 3.154162883758545,
  "spec/controllers/admin/government_response_controller_spec.rb": 17.507129430770874,
  "spec/helpers/url_helpers_spec.rb": 0.016937255859375,
  "spec/controllers/admin/archived/petition_emails_controller_spec.rb": 22.62325096130371,
  "spec/helpers/search_helper_spec.rb": 0.7150599956512451,
  "spec/models/concerns/browseable_spec.rb": 1.4621894359588623,
  "spec/controllers/admin/sites_controller_spec.rb": 3.324516773223877,
  "spec/controllers/admin/searches_controller_spec.rb": 1.4206304550170898,
  "spec/jobs/backfill_constituencies_job_spec.rb": 0.5563859939575195,
  "spec/controllers/admin/petition_emails_controller_spec.rb": 37.259438276290894,
  "spec/requests/admin_user_persistence_token_spec.rb": 1.3515372276306152,
  "spec/helpers/date_time_helper_spec.rb": 0.47053074836730957,
  "spec/jobs/delete_petitions_job_spec.rb": 0.6243555545806885,
  "spec/jobs/notify_trending_ip_job_spec.rb": 0.18297028541564941,
  "spec/controllers/admin/archived/signatures_controller_spec.rb": 8.593078851699829,
  "spec/jobs/enqueue_petition_statistics_updates_job_spec.rb": 0.22841644287109375,
  "spec/controllers/application_controller_spec.rb": 0.2807910442352295,
  "spec/mailers/archived/petition_mailer_spec.rb": 8.360221147537231,
  "spec/routing/local_petitions_spec.rb": 0.01294255256652832,
  "spec/jobs/job_priority_spec.rb": 0.23662590980529785,